threshold,accuracy,precision,recall,f1,true_positives,false_positives,true_negatives,false_negatives
0.1,0.5610054711711367,0.33514744480469355,0.33551004636785164,0.33532864756314207,8683,17225,35306,17197
0.2,0.5665786688092231,0.3366520214438309,0.32272024729520865,0.3295389532245655,8352,16457,36074,17528
0.3,0.5694099042226218,0.3360509130235847,0.31217156105100463,0.323671400813285,8079,15962,36569,17801
0.4,0.573210391399166,0.3372247735954333,0.3035935085007728,0.31952662721893493,7857,15442,37089,18023
0.5,0.5754167144915892,0.33659611992945326,0.2949768160741886,0.31441515650741353,7634,15046,37485,18246
0.6,0.5779418704008367,0.33646173376858907,0.2867465224111283,0.30962116154873165,7421,14635,37896,18459
0.7,0.5819336572674753,0.33789053323937046,0.2778979907264297,0.3049719071345277,7192,14093,38438,18688
0.8,0.5868054227085485,0.3397728948532665,0.2670788253477589,0.29907189061722517,6912,13431,39100,18968
0.9,0.5952098557600337,0.3450719120135364,0.25216383307573415,0.2913913198785497,6526,12386,40145,19354
